INSERT INTO shop.customers
VALUES ('e9e40a40-71fb-4505-8f33-27c3cba0e735','Иванов Иван Иванович',
        '89278911111','1999-01-08','Московской шоссе'),
       ('71987e94-cc47-46a9-b721-6c35e8b94e9f','Антонов Николай Антонович',
        '89278922222','1999-02-09','ул.Ново-Садовая'),
       ('b016f8f2-6f77-4bb8-ba98-41133be2f53f','Петров Петр Петрович',
        '89278933333','1999-03-10','ул.Революционная');

INSERT INTO shop.products
VALUES ('df288957-bc6a-4347-8319-32bead48ea8d','молоко',
        '75.99','2021-10-9','Самое вкусное'),
       ('69212422-7257-413b-bbc7-aa7506bf4a61','хлеб',
        '34.99','2021-10-11','Черный'),
       ('bd648966-ca6a-4813-a323-a64b04a2977e','колбаса',
        '234.99','2021-10-10','Докторская'),
       ('df233957-bc6a-4347-8319-32bead48ea8d','Пельмешки',
        '280.50','2021-9-9','Самое вкусное'),
       ('df124957-bc6a-4347-8319-32bead48ea8d','Курица',
        '214.99','2021-10-11','Самое вкусное');

INSERT INTO shop.delivery
VALUES ('df288957-bc6a-4347-8319-12bead48ea8d','быстрая',
        '99.9','00:40:00'),
       ('df288957-bc6a-4347-8319-55bead48ea8d','средняя',
        '69.9','01:00:00');

INSERT INTO shop.customer_baskets
VALUES ('df288957-ab7a-4347-8319-12bead48ea8d','e9e40a40-71fb-4505-8f33-27c3cba0e735'),
       ('dff88957-bc6a-4347-8319-55bead48ea8d','71987e94-cc47-46a9-b721-6c35e8b94e9f'),
       ('df2ff957-ab7a-4347-8319-12bead48ea8d','b016f8f2-6f77-4bb8-ba98-41133be2f53f');

INSERT INTO shop.orders
VALUES ('20000000-ab7a-4347-8319-12bead48ea8d','df288957-bc6a-4347-8319-12bead48ea8d',
        '500.99','2021-10-11 15:15', 'NOT_PAID'),
       ('20000001-ab7a-4347-8319-12bead48ea8d','df288957-bc6a-4347-8319-55bead48ea8d',
        '255.99','2021-10-9 00:15', 'NOT_PAID'),
       ('20000002-ab7a-4347-8319-12bead48ea8d','df288957-bc6a-4347-8319-55bead48ea8d',
        '99.00','2021-10-5 11:49', 'NOT_PAID'),
       ('20000003-ab7a-4347-8319-12bead48ea8d','df288957-bc6a-4347-8319-12bead48ea8d',
        '203.99','2021-10-8 18:59','NOT_PAID'),
       ('20000004-ab7a-4347-8319-12bead48ea8d','df288957-bc6a-4347-8319-55bead48ea8d',
        '35.99','2021-10-1 20:01', 'NOT_PAID');

INSERT INTO shop.baskets_products
VALUES ('10000000-ab7a-4347-aaaa-12bead48ea8d','df288957-bc6a-4347-8319-32bead48ea8d',
        'df288957-ab7a-4347-8319-12bead48ea8d','1', '20000000-ab7a-4347-8319-12bead48ea8d'),
       ('10000001-ab7a-4347-aaaa-12bead48ea8d','69212422-7257-413b-bbc7-aa7506bf4a61',
        'df288957-ab7a-4347-8319-12bead48ea8d','2','20000000-ab7a-4347-8319-12bead48ea8d'),
       ('10000002-ab7a-4347-aaaa-12bead48ea8d','bd648966-ca6a-4813-a323-a64b04a2977e',
        'df288957-ab7a-4347-8319-12bead48ea8d','1','20000000-ab7a-4347-8319-12bead48ea8d'),
       ('10000003-ab7a-4347-aaaa-12bead48ea8d','df233957-bc6a-4347-8319-32bead48ea8d',
        'df288957-ab7a-4347-8319-12bead48ea8d','2','20000000-ab7a-4347-8319-12bead48ea8d'),
       ('10000004-ab7a-4347-aaaa-12bead48ea8d','df124957-bc6a-4347-8319-32bead48ea8d',
        'df288957-ab7a-4347-8319-12bead48ea8d','3','20000000-ab7a-4347-8319-12bead48ea8d'),

       ('10000005-ab7a-4347-aaaa-12bead48ea8d','bd648966-ca6a-4813-a323-a64b04a2977e',
        'df288957-ab7a-4347-8319-12bead48ea8d','1','20000001-ab7a-4347-8319-12bead48ea8d'),
       ('10000006-ab7a-4347-aaaa-12bead48ea8d','df288957-bc6a-4347-8319-32bead48ea8d',
        'df288957-ab7a-4347-8319-12bead48ea8d','2','20000001-ab7a-4347-8319-12bead48ea8d'),

       ('10000007-ab7a-4347-aaaa-12bead48ea8d','bd648966-ca6a-4813-a323-a64b04a2977e',
        'dff88957-bc6a-4347-8319-55bead48ea8d','1','20000002-ab7a-4347-8319-12bead48ea8d'),
       ('10000008-ab7a-4347-aaaa-12bead48ea8d','bd648966-ca6a-4813-a323-a64b04a2977e',
        'dff88957-bc6a-4347-8319-55bead48ea8d','1','20000002-ab7a-4347-8319-12bead48ea8d'),

       ('10000009-ab7a-4347-aaaa-12bead48ea8d','bd648966-ca6a-4813-a323-a64b04a2977e',
        'dff88957-bc6a-4347-8319-55bead48ea8d','5','20000003-ab7a-4347-8319-12bead48ea8d'),
       ('10000010-ab7a-4347-aaaa-12bead48ea8d','bd648966-ca6a-4813-a323-a64b04a2977e',
        'dff88957-bc6a-4347-8319-55bead48ea8d','5','20000003-ab7a-4347-8319-12bead48ea8d'),

       ('10000011-ab7a-4347-aaaa-12bead48ea8d','df233957-bc6a-4347-8319-32bead48ea8d',
        'df2ff957-ab7a-4347-8319-12bead48ea8d','1','20000004-ab7a-4347-8319-12bead48ea8d'),
       ('10000012-ab7a-4347-aaaa-12bead48ea8d','69212422-7257-413b-bbc7-aa7506bf4a61',
        'df2ff957-ab7a-4347-8319-12bead48ea8d','1','20000004-ab7a-4347-8319-12bead48ea8d');